cluster,High income,Low income,Lower middle income,Not classified,Upper middle income
0,0.7142857142857143,0.0,0.011904761904761904,0.0,0.27380952380952384
1,0.0,0.22413793103448276,0.4827586206896552,0.017241379310344827,0.27586206896551724
