indicator_code,n_countries_total,n_non_missing,coverage_rate
SE.ADT.LITR.ZS,179,73,0.40782122905027934
IT.NET.USER.ZS,179,170,0.9497206703910615
SE.SEC.ENRR,179,174,0.9720670391061452
IT.NET.BBND.P2,179,178,0.994413407821229
IT.CEL.SETS.P2,179,179,1.0
IT.NET.SECR.P6,179,179,1.0
