indicator_code,pc1_loading,scope
IT.NET.USER.ZS,0.46992007474682884,global
IT.CEL.SETS.P2,0.3639594732014505,global
IT.NET.BBND.P2,0.45241105624645095,global
IT.NET.SECR.P6,0.46516091270335863,global
SE.ADT.LITR.ZS,0.1276942135136665,global
SE.SEC.ENRR,0.45755040654657003,global
