indicator_code,pc1_loading,scope
IT.NET.USER.ZS,0.48951430745979796,global
IT.CEL.SETS.P2,0.34055018292913053,global
IT.NET.BBND.P2,0.4501286701884178,global
IT.NET.SECR.P6,0.4824225289222895,global
SE.ADT.LITR.ZS,0.06428859678789346,global
SE.SEC.ENRR,0.45268198095877843,global
