cluster,High income,Low income,Lower middle income,Upper middle income
0,0.0,0.125,0.71875,0.15625
1,0.6292134831460674,0.0,0.0449438202247191,0.3258426966292135
