benchmark,n,spearman_rank,pearson_score
EGDI_2022,772,0.8600073241449553,0.8468430739991119
NRI_2022,521,0.9171914651151201,0.8939470252215589
MCI_2021,677,0.9446351010231083,0.9402623791130519
