benchmark,n,spearman_rank,pearson_score
EGDI_2022,712,0.8536020224384196,0.834646307993365
NRI_2022,513,0.9153028680527717,0.8879330025759551
MCI_2021,637,0.9426694686936822,0.9363785576193017
