cluster,High income,Low income,Lower middle income,Not classified,Upper middle income
0,0.6413043478260869,0.0,0.043478260869565216,0.0,0.31521739130434784
1,0.0,0.14,0.6,0.02,0.24
