year,n_rows,n_countries,share_has_dii,mean_dii,median_dii,p25,p75
2015,215,215,0.9116279069767442,45.591805758279804,46.28382877670517,21.613069514630908,68.64277276136997
2016,215,215,0.9023255813953488,48.768371501531085,50.31757426791269,24.801847043818324,72.3866226835866
2017,216,216,0.8981481481481481,51.438344991605575,53.21099048544927,27.633626745575,75.67500510703695
2018,216,216,0.7824074074074074,54.59302765590363,57.853749426053554,31.932007378601188,76.78070199658357
2019,214,214,0.8691588785046729,53.82557512637952,57.03424179006158,30.86097872003906,77.245296467992
2020,215,215,0.8558139534883721,56.04030722431392,57.7307799965168,34.304869495538014,77.86809555957444
2021,215,215,0.8511627906976744,58.830484549571636,60.58627008509895,37.846109893438864,79.76928643176703
2022,216,216,0.8472222222222222,60.58176026250511,64.74499802900561,38.92843225084927,82.41796690094822
