cluster,dii_core_z_mean,pillar_access_adoption_mean,pillar_infra_capacity_mean,pillar_human_capital_mean,n_countries
1,0.6971025980455171,0.7041992107823093,0.8273139055476145,0.5340351613762826,86
2,-0.6565746028872926,-0.5025355028179364,-0.7079316488109639,-0.8481773457070122,68
