cluster,dii_core_z_mean,pillar_access_adoption_mean,pillar_infra_capacity_mean,pillar_human_capital_mean,n_countries
1,0.6525677574367662,0.6615746579577465,0.7620430253347261,0.5193343239772983,92
2,-0.7214916653000633,-0.5560669451040927,-0.7596502350458952,-0.9601257005746446,62
