k,silhouette,inertia,min_cluster_size,min_cluster_share,eligible
2,0.48765468842161247,228.57194214424914,88,0.4631578947368421,True
3,0.41685056259965975,149.92720603855219,45,0.23684210526315788,True
4,0.34760998750091404,120.63665429227717,35,0.18421052631578946,True
5,0.3574578061279649,104.80586538957544,4,0.021052631578947368,False
6,0.2997378215023179,93.13010714415478,4,0.021052631578947368,False
7,0.2830321038616259,81.90621360332133,4,0.021052631578947368,False
8,0.3071936631464512,71.9451210397284,4,0.021052631578947368,False
9,0.28570505374899974,66.3810146851462,4,0.021052631578947368,False
10,0.28494733584368803,61.3989711498797,4,0.021052631578947368,False
