k,step_m,distance,jump
2,153,23.45186372261821,12.923177433678333
3,152,10.528686288939877,2.3818853047504565
4,151,8.14680098418942,2.7737939768828292
5,150,5.373007007306591,1.0241791022468023
6,149,4.348827905059789,0.04464515572182126
7,148,4.304182749337968,0.3216231465346451
8,147,3.9825596028033226,0.7733974999961544
9,146,3.209162102807168,0.02609943262881176
10,145,3.1830626701783564,0.4624743279839816
