year,n_complete,k_items,cronbach_alpha
2015,127,6,0.9224362605818824
2016,115,6,0.9115532012782185
2017,116,6,0.9113954225557042
2018,109,6,0.8987057541042662
2019,113,6,0.8702168602880986
2020,111,6,0.8736538900087352
2021,110,6,0.8835501557738078
2022,108,6,0.8775460386656936
