cluster,High income,Low income,Lower middle income,Upper middle income
0,0.84375,0.0,0.0,0.15625
1,0.0,0.0,0.875,0.125
2,0.0,0.0,0.3333333333333333,0.6666666666666666
3,0.0,0.4444444444444444,0.5555555555555556,0.0
4,1.0,0.0,0.0,0.0
5,0.36363636363636365,0.0,0.045454545454545456,0.5909090909090909
