cluster,High income,Low income,Lower middle income,Not classified,Upper middle income
0,0.59,0.0,0.07,0.0,0.34
1,0.0,0.16666666666666666,0.6428571428571429,0.023809523809523808,0.16666666666666666
