variable,n,mean,sd,min,p5,median,p95,max,skew,kurtosis
deep_pillar_affordability,213,0.0037475616674137683,0.7093323922634632,-3.307385764192115,-1.3858904819393687,0.1898056750320144,0.7526245620390329,1.202031814365487,-1.4542685635347083,2.635398852244448
deep_pillar_skills,83,-0.07559606613856881,0.7763871686403105,-1.9246984712994997,-1.5159438498670217,0.0481906882797855,1.0717429154520943,1.6018092185941708,-0.3469222183396085,-0.1066503856823462
dii_deep_0_100,83,56.22102980689618,18.600478681434517,0.0,20.41037742250826,60.157690425341755,83.49626449249884,100.0,-0.5886449981190378,0.5545919056998079
dii_deep_z,83,0.10249845300861977,0.35584612019810935,-0.9730671640362072,-0.5825958357457184,0.1778107840299048,0.6243014994029114,0.940034785072694,-0.588644998119036,0.5545919056998061
dii_core_0_100,210,59.19644554541349,25.38407139205913,0.0,15.775724583941269,61.89667598640034,96.07612952701123,100.0,-0.2774577815657243,-0.9931739185175754
