variable,PC1,PC2
deep_pillar_affordability,-0.2516107629496724,0.96782850958622
deep_pillar_skills,0.96782850958622,0.2516107629496724
