component,variance_explained,cumulative
PC1,0.8395027709004844,0.8395027709004844
PC2,0.16049722909951558,1.0
