cluster,High income,Low income,Lower middle income,Upper middle income
0,0.2,0.0,0.15,0.65
1,0.0,0.5,0.5,0.0
2,0.9056603773584906,0.0,0.0,0.09433962264150944
3,0.0,0.0,0.85,0.15
