cluster,High income,Low income,Lower middle income,Upper middle income
0,0.0,0.14285714285714285,0.75,0.10714285714285714
1,0.6021505376344086,0.0,0.06451612903225806,0.3333333333333333
