indicator_code,n_countries_total,n_non_missing,coverage_rate
SE.ADT.LITR.ZS,158,67,0.4240506329113924
IT.NET.USER.ZS,158,149,0.9430379746835443
SE.SEC.ENRR,158,155,0.9810126582278481
SE.TER.ENRR,158,155,0.9810126582278481
IT.CEL.SETS.P2,158,158,1.0
IT.NET.BBND.P2,158,158,1.0
IT.NET.SECR.P6,158,158,1.0
