indicator_code,year_from,year_to,n_countries_total,n_countries_non_missing,coverage_rate,notes
SE.ADT.LITR.ZS,2018,2022,216,109,0.5046296296296297,
SE.TER.ENRR,2018,2022,216,150,0.6944444444444444,
SE.SEC.ENRR,2018,2022,216,171,0.7916666666666666,
IT.NET.USER.ZS,2018,2022,216,194,0.8981481481481481,
IT.NET.BBND.P2,2018,2022,216,208,0.9629629629629629,
IT.CEL.SETS.P2,2018,2022,216,210,0.9722222222222222,
IT.NET.SECR.P6,2018,2022,216,215,0.9953703703703703,
