indicator_code,year_from,year_to,n_countries_total,n_countries_non_missing,coverage_rate,notes
SE.ADT.LITR.ZS,2018,2022,260,146,0.5615384615384615,
SE.SEC.ENRR,2018,2022,260,213,0.8192307692307692,
IT.NET.USER.ZS,2018,2022,260,223,0.8576923076923076,
IT.NET.BBND.P2,2018,2022,260,252,0.9692307692307692,
IT.CEL.SETS.P2,2018,2022,260,254,0.9769230769230769,
IT.NET.SECR.P6,2018,2022,260,259,0.9961538461538462,
