indicator_code,year_from,year_to,n_countries_total,n_countries_non_missing,coverage_rate,notes
SE.TER.ENRR,2015,2022,216,165,0.7638888888888888,
SE.SEC.ENRR,2015,2022,216,187,0.8657407407407407,
IT.NET.USER.ZS,2015,2022,216,208,0.9629629629629629,
IT.NET.BBND.P2,2015,2022,216,208,0.9629629629629629,
IT.CEL.SETS.P2,2015,2022,216,210,0.9722222222222222,
IT.NET.SECR.P6,2015,2022,216,215,0.9953703703703703,
