year,n_countries,share_has_dii,mean_dii,median_dii,p25,p75
2015,215,0.9767441860465116,47.199025367049806,48.00937950371652,23.88217052672422,69.35399826855262
2016,215,0.9674418604651163,49.614598550462205,51.815771690823794,28.218186581632107,71.50257141246445
2017,216,0.9722222222222222,52.037327341063445,54.511746905627675,29.02283214251424,74.66044962354144
2018,216,0.9398148148148148,52.91136687330513,55.51307486323157,32.305175003952414,75.8915938583331
2019,214,0.9719626168224299,54.79498954391056,57.74277012388793,33.2391221816131,77.23734813148134
2020,215,0.9720930232558139,55.973704917322976,58.52738295678646,33.02748842178313,78.24717477971927
2021,215,0.9720930232558139,57.62217263620826,59.59245954316267,37.01512331107452,79.30268923755023
2022,216,0.9722222222222222,59.19644554541349,61.89667598640034,38.08325467049063,81.03091421112315
